Workbook
Name Slicer_Peer_pressure: #N/A
Name Slicer_What_coping_strategy_you_use_as_a_student?: #N/A
Name Slicer_Your_Academic_Stage: #N/A

Sheet academic Stress level - maintai
A1: Timestamp | B1: Your Academic Stage | C1: Peer pressure | D1: Academic pressure from your home | E1: Study Environment | F1: What coping strategy you use as a student? | G1: Do you have any bad habits like smoking, drinking on a daily basis? | H1: What would you rate the academic competition in your student life | I1: Rate your academic stress index
A2: 45862.921 | B2: undergraduate | C2: 4 | D2: 5 | E2: Noisy | F2: Analyze the situation and handle it with intellect | G2: No | H2: 3 | I2: 5
A3: 45862.921 | B3: undergraduate | C3: 3 | D3: 4 | E3: Peaceful | F3: Analyze the situation and handle it with intellect | G3: No | H3: 3 | I3: 3
A4: 45862.921 | B4: undergraduate | C4: 1 | D4: 1 | E4: Peaceful | F4: Social support (friends, family) | G4: No | H4: 2 | I4: 4
A5: 45862.921 | B5: undergraduate | C5: 3 | D5: 2 | E5: Peaceful | F5: Analyze the situation and handle it with intellect | G5: No | H5: 4 | I5: 3
A6: 45862.922 | B6: undergraduate | C6: 3 | D6: 3 | E6: Peaceful | F6: Analyze the situation and handle it with intellect | G6: No | H6: 4 | I6: 5
A7: 45862.922 | B7: undergraduate | C7: 3 | D7: 3 | E7: Peaceful | F7: Analyze the situation and handle it with intellect | G7: No | H7: 4 | I7: 4
A8: 45862.923 | B8: undergraduate | C8: 5 | D8: 5 | E8: disrupted | F8: Emotional breakdown (crying a lot) | G8: No | H8: 4 | I8: 4
A9: 45862.924 | B9: undergraduate | C9: 3 | D9: 2 | E9: Peaceful | F9: Social support (friends, family) | G9: No | H9: 3 | I9: 3
A10: 45862.924 | B10: undergraduate | C10: 2 | D10: 2 | E10: Peaceful | F10: Analyze the situation and handle it with intellect | G10: No | H10: 2 | I10: 2
A11: 45862.925 | B11: undergraduate | C11: 2 | D11: 2 | E11: Peaceful | F11: Analyze the situation and handle it with intellect | G11: No | H11: 4 | I11: 2
A12: 45862.925 | B12: undergraduate | C12: 3 | D12: 2 | E12: disrupted | F12: Emotional breakdown (crying a lot) | G12: No | H12: 3 | I12: 5
A13: 45862.925 | B13: undergraduate | C13: 4 | D13: 5 | E13: Peaceful | F13: Analyze the situation and handle it with intellect | G13: No | H13: 3 | I13: 3
... A141: 45887.945 | B141: undergraduate | C141: 4 | D141: 2 | E141: Peaceful | F141: Social support (friends, family) | G141: No | H141: 4 | I141: 4
B143: Average | C143: =AVERAGE(C2:C141) -> 3.0714286 | D143: =AVERAGE(D2:D141) -> 3.1785714 | H143: =AVERAGE(H2:H141) -> 3.4928571 | I143: =AVERAGE(I2:I141) -> 3.7214286
B144: Sum | C144: =SUM(C2:C141) -> 430 | D144: =SUM(D2:D141) -> 445 | H144: =SUM(H2:H141) -> 489 | I144: =SUM(I2:I141) -> 521
B146: =COUNTIF(B2:B141,"undergraduate") -> 100
B147: =COUNTIF(B2:B141,"post-graduate") -> 11
B148: =COUNTIF(B3:B142,"high school") -> 29

Sheet Insight 
A3: 10 insight to get from dataset | C3: Timestamp | D3: Your Academic Stage | E3: Peer pressure | F3: Academic pressure from your home | G3: Study Environment | H3: What coping strategy you use as a student? | I3: Do you have any bad habits like smoking, drinking on a daily basis? | J3: What would you rate the academic competition in your student life | K3: Rate your academic stress index
A4: 1 | B4: Rate of pressure in different acadamic stage | D4: x | K4: x
A5: 2 | B5: Relation between peer pressure and stress | E5: x | K5: x
A6: 3 | B6: Relation between home pressure and stress | F6: x | K6: x
A7: 4 | B7: Relation between bad habit and study environment | G7: x | I7: x
A8: 5 | B8: Relation between Academic Stage and stress | D8: x | K8: x
A9: 6 | B9: Relation between Academic competition and stress | J9: x | K9: x
A10: 7 | B10: Relation between bad habit,academic pressure and peer pressure | F10: x | I10: x | K10: x
A11: 8 | B11: which is most common coping straties | H11: x | K11: x
A12: 9 | B12: does relying on emotional breakdown correlate with higher stress | H12: x | K12: x
A13: 10 | B13: which coping stratergies associate with lower academic stress level | H13: x | K13: x

Sheet Dashbord
B4: Your Academic Stage | C4: Total student | D4: Average Peer Pressure | E4: Average Home pressure | F4: Average Compition pressure | G4: Average stress
B5: undergraduate | C5: =COUNTIF('academic Stress level - maintai'!B:B,Dashbord!B5) -> 100 | D5: =ROUND(AVERAGEIF('academic Stress level - maintai'!B:B,Dashbord!B5,'academic Stress level - maintai'!C:C),2) -> 3.12 | E5: =ROUND(AVERAGEIF('academic Stress level - maintai'!B:B,Dashbord!B5,'academic Stress level - maintai'!D:D),2) -> 3.05 | F5: =ROUND(AVERAGEIF('academic Stress level - maintai'!B:B,Dashbord!B5,'academic Stress level - maintai'!H1),2) -> 3.52 | G5: =ROUND(AVERAGEIF('academic Stress level - maintai'!B:B,Dashbord!B5,'academic Stress level - maintai'!I:I),2) -> 3.69
B6: high school | C6: =COUNTIF('academic Stress level - maintai'!B:B,Dashbord!B6) -> 29 | D6: =ROUND(AVERAGEIF('academic Stress level - maintai'!B:B,Dashbord!B6,'academic Stress level - maintai'!C:C),2) -> 2.93 | E6: =ROUND(AVERAGEIF('academic Stress level - maintai'!B:B,Dashbord!B6,'academic Stress level - maintai'!D:D),2) -> 3.55 | F6: =ROUND(AVERAGEIF('academic Stress level - maintai'!B:B,Dashbord!B6,'academic Stress level - maintai'!H2),2) -> 3.38 | G6: =ROUND(AVERAGEIF('academic Stress level - maintai'!B:B,Dashbord!B6,'academic Stress level - maintai'!I:I),2) -> 3.83
B7: post-graduate | C7: =COUNTIF('academic Stress level - maintai'!B:B,Dashbord!B7) -> 11 | D7: =ROUND(AVERAGEIF('academic Stress level - maintai'!B:B,Dashbord!B7,'academic Stress level - maintai'!C:C),2) -> 3 | E7: =ROUND(AVERAGEIF('academic Stress level - maintai'!B:B,Dashbord!B7,'academic Stress level - maintai'!D:D),2) -> 3.36 | F7: =ROUND(AVERAGEIF('academic Stress level - maintai'!B:B,Dashbord!B7,'academic Stress level - maintai'!H3),2) -> 3.36 | G7: =ROUND(AVERAGEIF('academic Stress level - maintai'!B:B,Dashbord!B7,'academic Stress level - maintai'!I:I),2) -> 3.73

Sheet Date format
C1: ctrl+: | E1: =TODAY() -> 45912 | F1: TODAY()
E2: =NOW() -> 45912.706 | F2: NOW()
B3: Date | F3: =NOW() -> 45912.706
C4: "7" | D4: "07" | E4: Fri | F4: Friday
B5: Day | C5: d | D5: dd | E5: ddd | F5: dddd
C6: "6" | D6: "06" | E6: Dec | F6: December
B7: Month | C7: m | D7: mm | E7: mmm | F7: mmmm
E8: "25" | F8: "2025"
B9: Year | E9: yy | F9: yyyy
B11: 45912
B12: 0.44027778
B14: Date Difference | D14: Today date | E14: =NOW() -> 45912.706
B15: Project start date | C15: 45901
B16: Project End date | C16: 45951
B17: Number Of days | C17: =C16-C15 -> 50 | D17: Big date minus small date
B18: How many Working days | C18: =NETWORKDAYS(C15,C16,E19:E20) -> 35
B19: how many holidays are their | C19: =C17-C18 -> 15 | D19: oman | E19: 45904
D20: Gandhi jayanti | E20: 45902
B21: What is end of month(Date) | C21: =EOMONTH(E14,0) -> 45930

Sheet Raw data
A1: Timestamp | B1: Your Academic Stage | C1: Peer pressure | D1: Academic pressure from your home | E1: Study Environment | F1: What coping strategy you use as a student? | G1: Do you have any bad habits like smoking, drinking on a daily basis? | H1: What would you rate the academic competition in your student life | I1: Rate your academic stress index
A2: 45862.921 | B2: undergraduate | C2: 4 | D2: 5 | E2: Noisy | F2: Analyze the situation and handle it with intellect | G2: No | H2: 3 | I2: 5
A3: 45862.921 | B3: undergraduate | C3: 3 | D3: 4 | E3: Peaceful | F3: Analyze the situation and handle it with intellect | G3: No | H3: 3 | I3: 3
A4: 45862.921 | B4: undergraduate | C4: 1 | D4: 1 | E4: Peaceful | F4: Social support (friends, family) | G4: No | H4: 2 | I4: 4
A5: 45862.921 | B5: undergraduate | C5: 3 | D5: 2 | E5: Peaceful | F5: Analyze the situation and handle it with intellect | G5: No | H5: 4 | I5: 3
A6: 45862.922 | B6: undergraduate | C6: 3 | D6: 3 | E6: Peaceful | F6: Analyze the situation and handle it with intellect | G6: No | H6: 4 | I6: 5
A7: 45862.922 | B7: undergraduate | C7: 3 | D7: 3 | E7: Peaceful | F7: Analyze the situation and handle it with intellect | G7: No | H7: 4 | I7: 4
A8: 45862.923 | B8: undergraduate | C8: 5 | D8: 5 | E8: disrupted | F8: Emotional breakdown (crying a lot) | G8: No | H8: 4 | I8: 4
A9: 45862.924 | B9: undergraduate | C9: 3 | D9: 2 | E9: Peaceful | F9: Social support (friends, family) | G9: No | H9: 3 | I9: 3
A10: 45862.924 | B10: undergraduate | C10: 2 | D10: 2 | E10: Peaceful | F10: Analyze the situation and handle it with intellect | G10: No | H10: 2 | I10: 2
A11: 45862.925 | B11: undergraduate | C11: 2 | D11: 2 | E11: Peaceful | F11: Analyze the situation and handle it with intellect | G11: No | H11: 4 | I11: 2
A12: 45862.925 | B12: undergraduate | C12: 3 | D12: 2 | E12: disrupted | F12: Emotional breakdown (crying a lot) | G12: No | H12: 3 | I12: 5
A13: 45862.925 | B13: undergraduate | C13: 4 | D13: 5 | E13: Peaceful | F13: Analyze the situation and handle it with intellect | G13: No | H13: 3 | I13: 3
... A141: 45887.945 | B141: undergraduate | C141: 4 | D141: 2 | E141: Peaceful | F141: Social support (friends, family) | G141: No | H141: 4 | I141: 4
B143: Average | C143: =AVERAGE(C2:C141) -> 3.0714286 | D143: =AVERAGE(D2:D141) -> 3.1785714 | H143: =AVERAGE(H2:H141) -> 3.4928571 | I143: =AVERAGE(I2:I141) -> 3.7214286
B144: Sum | C144: =SUM(C2:C141) -> 430 | D144: =SUM(D2:D141) -> 445 | H144: =SUM(H2:H141) -> 489 | I144: =SUM(I2:I141) -> 521
B146: =COUNTIF(B2:B141,"undergraduate") -> 100
B147: =COUNTIF(B2:B141,"post-graduate") -> 11
B148: =COUNTIF(B3:B142,"high school") -> 29

Sheet Sheet1
A1: Row Labels | B1: Sum of Peer pressure | C1: Sum of Academic pressure from your home | D1: Sum of Rate your academic stress index
A2: disrupted | B2: 22 | C2: 20 | D2: 30
A3: Noisy | B3: 4 | C3: 6 | D3: 7
A4: Peaceful | B4: 29 | C4: 35 | D4: 40
A5: Grand Total | B5: 55 | C5: 61 | D5: 77

Sheet app
B2: disrupted
B3: Noisy
B4: Peaceful
C5: Select the environment | D5: disrupted
C6: Average of peer pressure | D6: Average of rate your academic stress index | E6: Average ofAcademic pressure from your home
C7: =AVERAGEIF('Raw data'!E:E,app!D5,'Raw data'!C:C) -> 3.5789474 | D7: =AVERAGEIF('Raw data'!E:E,app!D5,'Raw data'!I:I) -> 4.0263158 | E7: =AVERAGEIF('Raw data'!E:E,app!D5,'Raw data'!D:D) -> 3.4210526
C9: AVERAGEIF('Raw data'!E:E,app!D5,'Raw data'!C:C)
